run,ce,l1,acc,tau,delta_tau_pct
qwen3-4b-deepspec-baseline,1.1191402554512024,0.45501497834920884,0.7435217708349228,,
dspark_block7_qwen3_4b_baseline,1.126639175415039,0.45831759870052335,,4.959056663513183,0.0
qwen3-4b-gqa-tau,1.126022869348526,0.4545735105872154,0.7434067159891129,4.986041736602783,0.5441573855799131
qwen3-4b-mla,1.1402219176292419,0.4622583657503128,0.7400075644254684,4.936792159080506,-0.44896652616396304
qwen3-4b-mla-swa1024,1.157115989923477,0.46901089400053025,0.7365359216928482,4.900826573371887,-1.1742170757944925
qwen3-4b-mla-swa512,1.1853371202945708,0.4786588653922081,0.7315998554229737,4.852296853065491,-2.15282497643533
qwen3-4b-mla-swa128,1.282981276512146,0.5139502555131912,0.713482740521431,4.666750955581665,-5.894381285904449
qwen3-4b-gqa-context-only,1.1795251071453094,0.47667797058820727,0.7329929769039154,4.871782898902893,-1.7598864165521033
qwen3-4b-gqa-all-mask,1.1859653890132904,0.47798566818237304,0.7350604504346847,4.879124355316162,-1.6118450265981465
qwen3-4b-gqa-aux-3layers,1.1676006138324737,0.47348860949277877,0.733645361661911,4.883680057525635,-1.5199787197863746
